serial,corpus
1,Bought a phone from this site it was fake and broke never got my money back
2,Anybody from India? Is it safe to purchase from AliExpress?
3,Pocophone is best
4,how I can buy from bangladesh
5,How much
6,Anybody from India? Is it safe to purchase from AliExpress?
7,Price ko t
8,Price
9,AliExpress is trustable site and i bought many ITEMS from AliExpress without any problem that's why I Love AliExpress and i recommend to others as well
10,Price plus.
11,Price
12, ?? ?? ?? ???? ?????? ?? ?????? ?????? ??? ???? ??? ???? ????? ?????
